Chart,1,source/org/jfree/chart/renderer/category/AbstractCategoryItemRenderer.java,1797
Chart,11,source/org/jfree/chart/util/ShapeUtilities.java,275
Chart,12,source/org/jfree/chart/plot/MultiplePiePlot.java,145
Chart,9,source/org/jfree/data/time/TimeSeries.java,944
Cli,25,src/java/org/apache/commons/cli/HelpFormatter.java,825
Cli,28,src/java/org/apache/commons/cli/Parser.java,290
Cli,40,src/main/java/org/apache/commons/cli/TypeHandler.java,103
Closure,10,src/com/google/javascript/jscomp/NodeUtil.java,1417
Closure,104,src/com/google/javascript/rhino/jstype/UnionType.java,291
Closure,113,src/com/google/javascript/jscomp/ProcessClosurePrimitives.java,329
Closure,114,src/com/google/javascript/jscomp/NameAnalyzer.java,578
Closure,123,src/com/google/javascript/jscomp/CodeGenerator.java,285
Closure,125,src/com/google/javascript/jscomp/TypeCheck.java,1661
Closure,13,src/com/google/javascript/jscomp/PeepholeOptimizationsPass.java,127
Closure,130,src/com/google/javascript/jscomp/CollapseProperties.java,172
Closure,14,src/com/google/javascript/jscomp/ControlFlowAnalysis.java,767
Closure,168,src/com/google/javascript/jscomp/TypedScopeCreator.java,1996
Closure,18,src/com/google/javascript/jscomp/Compiler.java,1288
Closure,38,src/com/google/javascript/jscomp/CodeConsumer.java,245
Closure,51,src/com/google/javascript/jscomp/CodeConsumer.java,241
Closure,52,src/com/google/javascript/jscomp/CodeGenerator.java,745
Closure,57,src/com/google/javascript/jscomp/ClosureCodingConvention.java,197
Closure,62,src/com/google/javascript/jscomp/LightweightMessageFormatter.java,98
Closure,65,src/com/google/javascript/jscomp/CodeGenerator.java,1015
Closure,67,src/com/google/javascript/jscomp/AnalyzePrototypeProperties.java,318
Closure,70,src/com/google/javascript/jscomp/TypedScopeCreator.java,1745
Closure,71,src/com/google/javascript/jscomp/CheckAccessControls.java,416
Closure,73,src/com/google/javascript/jscomp/CodeGenerator.java,1045
Closure,86,src/com/google/javascript/jscomp/NodeUtil.java,2465
Closure,92,src/com/google/javascript/jscomp/ProcessClosurePrimitives.java,789
Codec,10,src/java/org/apache/commons/codec/language/Caverphone.java,76
Codec,16,src/main/java/org/apache/commons/codec/binary/Base32.java,99
Codec,18,src/main/java/org/apache/commons/codec/binary/StringUtils.java,81
Codec,2,src/java/org/apache/commons/codec/binary/Base64.java,446
Codec,3,src/java/org/apache/commons/codec/language/DoubleMetaphone.java,455
Codec,4,src/java/org/apache/commons/codec/binary/Base64.java,225
Codec,7,src/java/org/apache/commons/codec/binary/Base64.java,670
Codec,9,src/java/org/apache/commons/codec/binary/Base64.java,827
Collections,26,src/main/java/org/apache/commons/collections4/keyvalue/MultiKey.java,277
Compress,16,src/main/java/org/apache/commons/compress/archivers/ArchiveStreamFactory.java,244
Compress,19,src/main/java/org/apache/commons/compress/archivers/zip/Zip64ExtendedInformationExtraField.java,259
Compress,23,src/main/java/org/apache/commons/compress/archivers/sevenz/Coders.java,112
Compress,38,src/main/java/org/apache/commons/compress/archivers/tar/TarArchiveEntry.java,859
Csv,1,src/main/java/org/apache/commons/csv/ExtendedBufferedReader.java,58
Csv,11,src/main/java/org/apache/commons/csv/CSVParser.java,384
Csv,12,src/main/java/org/apache/commons/csv/CSVFormat.java,219
Csv,14,src/main/java/org/apache/commons/csv/CSVFormat.java,1039
Csv,4,src/main/java/org/apache/commons/csv/CSVParser.java,288
Gson,13,gson/src/main/java/com/google/gson/stream/JsonReader.java,731
Gson,15,gson/src/main/java/com/google/gson/stream/JsonWriter.java,495
JacksonCore,25,src/main/java/com/fasterxml/jackson/core/json/ReaderBasedJsonParser.java,1963
JacksonCore,5,src/main/java/com/fasterxml/jackson/core/JsonPointer.java,193
JacksonCore,8,src/main/java/com/fasterxml/jackson/core/util/TextBuffer.java,307
JacksonDatabind,107,src/main/java/com/fasterxml/jackson/databind/jsontype/impl/TypeDeserializerBase.java,165
JacksonDatabind,16,src/main/java/com/fasterxml/jackson/databind/introspect/AnnotationMap.java,112
JacksonDatabind,17,src/main/java/com/fasterxml/jackson/databind/ObjectMapper.java,180
JacksonDatabind,27,src/main/java/com/fasterxml/jackson/databind/deser/BeanDeserializer.java,794
JacksonDatabind,34,src/main/java/com/fasterxml/jackson/databind/ser/std/NumberSerializer.java,81
JacksonDatabind,37,src/main/java/com/fasterxml/jackson/databind/type/SimpleType.java,135
JacksonDatabind,46,src/main/java/com/fasterxml/jackson/databind/type/ReferenceType.java,156
JacksonDatabind,57,src/main/java/com/fasterxml/jackson/databind/ObjectReader.java,1441
JacksonDatabind,70,src/main/java/com/fasterxml/jackson/databind/deser/impl/BeanPropertyMap.java,440
JacksonDatabind,71,src/main/java/com/fasterxml/jackson/databind/deser/std/StdKeyDeserializer.java,75
JacksonDatabind,82,src/main/java/com/fasterxml/jackson/databind/deser/BeanDeserializerFactory.java,495
JacksonDatabind,96,src/main/java/com/fasterxml/jackson/databind/deser/BasicDeserializerFactory.java,735
JacksonDatabind,97,src/main/java/com/fasterxml/jackson/databind/node/POJONode.java,114
JacksonXml,5,src/main/java/com/fasterxml/jackson/dataformat/xml/ser/XmlSerializerProvider.java,59
Jsoup,9,src/main/java/org/jsoup/nodes/Entities.java,38
Jsoup,15,src/main/java/org/jsoup/parser/TreeBuilderState.java,283
Jsoup,25,src/main/java/org/jsoup/parser/Tag.java,218
Jsoup,32,src/main/java/org/jsoup/nodes/Element.java,1138
Jsoup,34,src/main/java/org/jsoup/parser/CharacterReader.java,91
Jsoup,37,src/main/java/org/jsoup/nodes/Element.java,1101
Jsoup,43,src/main/java/org/jsoup/nodes/Element.java,574
Jsoup,45,src/main/java/org/jsoup/parser/HtmlTreeBuilder.java,394
Jsoup,46,src/main/java/org/jsoup/nodes/Entities.java,118
Jsoup,47,src/main/java/org/jsoup/nodes/Entities.java,122
Jsoup,51,src/main/java/org/jsoup/parser/CharacterReader.java,300
Jsoup,57,src/main/java/org/jsoup/nodes/Attributes.java,125
Jsoup,61,src/main/java/org/jsoup/nodes/Element.java,1092
Jsoup,62,src/main/java/org/jsoup/parser/HtmlTreeBuilderState.java,764
Jsoup,77,src/main/java/org/jsoup/parser/XmlTreeBuilder.java,117
Jsoup,86,src/main/java/org/jsoup/nodes/Comment.java,78
Jsoup,88,src/main/java/org/jsoup/nodes/Attribute.java,80
Jsoup,9,src/main/java/org/jsoup/nodes/Entities.java,38
JxPath,10,src/java/org/apache/commons/jxpath/ri/compiler/CoreOperationRelationalExpression.java,42
Lang,16,src/main/java/org/apache/commons/lang3/math/NumberUtils.java,458
Lang,21,src/main/java/org/apache/commons/lang3/time/DateUtils.java,265
Lang,24,src/main/java/org/apache/commons/lang3/math/NumberUtils.java,1413
Lang,26,src/main/java/org/apache/commons/lang3/time/FastDateFormat.java,820
Lang,29,src/main/java/org/apache/commons/lang3/SystemUtils.java,1672
Lang,33,src/main/java/org/apache/commons/lang3/ClassUtils.java,910
Lang,57,src/java/org/apache/commons/lang/LocaleUtils.java,223
Lang,59,src/java/org/apache/commons/lang/text/StrBuilder.java,884
Lang,6,src/main/java/org/apache/commons/lang3/text/translate/CharSequenceTranslator.java,95
Lang,61,src/java/org/apache/commons/lang/text/StrBuilder.java,1776
Math,104,src/java/org/apache/commons/math/special/Gamma.java,37
Math,105,src/java/org/apache/commons/math/stat/regression/SimpleRegression.java,264
Math,11,src/main/java/org/apache/commons/math3/distribution/MultivariateNormalDistribution.java,183
Math,2,src/main/java/org/apache/commons/math3/distribution/HypergeometricDistribution.java,268
Math,27,src/main/java/org/apache/commons/math3/fraction/Fraction.java,597
Math,30,src/main/java/org/apache/commons/math3/stat/inference/MannWhitneyUTest.java,173
Math,32,src/main/java/org/apache/commons/math3/geometry/euclidean/twod/PolygonsSet.java,135
Math,33,src/main/java/org/apache/commons/math3/optimization/linear/SimplexTableau.java,338
Math,34,src/main/java/org/apache/commons/math3/genetics/ListPopulation.java,209
Math,41,src/main/java/org/apache/commons/math/stat/descriptive/moment/Variance.java,520
Math,5,src/main/java/org/apache/commons/math3/complex/Complex.java,305
Math,57,src/main/java/org/apache/commons/math/stat/clustering/KMeansPlusPlusClusterer.java,175
Math,58,src/main/java/org/apache/commons/math/optimization/fitting/GaussianFitter.java,121
Math,59,src/main/java/org/apache/commons/math/util/FastMath.java,3482
Math,63,src/main/java/org/apache/commons/math/util/MathUtils.java,417
Math,69,src/main/java/org/apache/commons/math/stat/correlation/PearsonsCorrelation.java,171
Math,70,src/main/java/org/apache/commons/math/analysis/solvers/BisectionSolver.java,72
Math,75,src/main/java/org/apache/commons/math/stat/Frequency.java,303
Math,80,src/main/java/org/apache/commons/math/linear/EigenDecompositionImpl.java,1135
Math,82,src/main/java/org/apache/commons/math/optimization/linear/SimplexSolver.java,82
Math,85,src/java/org/apache/commons/math/analysis/solvers/UnivariateRealSolverUtils.java,198
Math,94,src/java/org/apache/commons/math/util/MathUtils.java,412
Math,96,src/java/org/apache/commons/math/complex/Complex.java,258
Mockito,24,src/org/mockito/internal/stubbing/defaultanswers/ReturnsEmptyValues.java,76
Mockito,26,src/org/mockito/internal/util/Primitives.java,66
Mockito,29,src/org/mockito/internal/matchers/Same.java,29
Mockito,34,src/org/mockito/internal/invocation/InvocationMatcher.java,106
Mockito,38,src/org/mockito/internal/verification/argumentmatching/ArgumentMatchingTool.java,48
Mockito,5,src/org/mockito/internal/verification/VerificationOverTimeImpl.java,91
Mockito,8,src/org/mockito/internal/util/reflection/GenericMetadataSupport.java,79
Time,16,src/main/java/org/joda/time/format/DateTimeFormatter.java,708
Time,19,src/main/java/org/joda/time/DateTimeZone.java,900
Time,4,src/main/java/org/joda/time/Partial.java,464
